{
  "model_path": "models\\feature_sweep_stagea6\\mfcc\\cnn_gunshot_classifier.keras",
  "feature_type": "MFCC",
  "best_threshold": 0.5499999999999999,
  "threshold_sweep_results": {
    "0.3": {
      "recall": 0.9878493317132442,
      "specificity": 0.9400773195876289,
      "fpr": 0.059922680412371136,
      "precision": 0.8973509933774835,
      "f1": 0.9404279930595719,
      "balanced_accuracy": 0.9639633256504365,
      "tp": 813,
      "fp": 93,
      "fn": 10,
      "tn": 1459
    },
    "0.35": {
      "recall": 0.9842041312272175,
      "specificity": 0.9478092783505154,
      "fpr": 0.05219072164948454,
      "precision": 0.9090909090909091,
      "f1": 0.9451575262543757,
      "balanced_accuracy": 0.9660067047888665,
      "tp": 810,
      "fp": 81,
      "fn": 13,
      "tn": 1471
    },
    "0.39999999999999997": {
      "recall": 0.9817739975698664,
      "specificity": 0.9542525773195877,
      "fpr": 0.04574742268041237,
      "precision": 0.919226393629124,
      "f1": 0.9494712103407755,
      "balanced_accuracy": 0.968013287444727,
      "tp": 808,
      "fp": 71,
      "fn": 15,
      "tn": 1481
    },
    "0.44999999999999996": {
      "recall": 0.9744835965978129,
      "specificity": 0.9594072164948454,
      "fpr": 0.04059278350515464,
      "precision": 0.9271676300578034,
      "f1": 0.9502369668246446,
      "balanced_accuracy": 0.9669454065463292,
      "tp": 802,
      "fp": 63,
      "fn": 21,
      "tn": 1489
    },
    "0.49999999999999994": {
      "recall": 0.968408262454435,
      "specificity": 0.9697164948453608,
      "fpr": 0.030283505154639175,
      "precision": 0.9443127962085308,
      "f1": 0.9562087582483503,
      "balanced_accuracy": 0.969062378649898,
      "tp": 797,
      "fp": 47,
      "fn": 26,
      "tn": 1505
    },
    "0.5499999999999999": {
      "recall": 0.9623329283110571,
      "specificity": 0.9755154639175257,
      "fpr": 0.024484536082474227,
      "precision": 0.9542168674698795,
      "f1": 0.9582577132486388,
      "balanced_accuracy": 0.9689241961142914,
      "tp": 792,
      "fp": 38,
      "fn": 31,
      "tn": 1514
    },
    "0.5999999999999999": {
      "recall": 0.9489671931956257,
      "specificity": 0.9819587628865979,
      "fpr": 0.01804123711340206,
      "precision": 0.965389369592089,
      "f1": 0.9571078431372548,
      "balanced_accuracy": 0.9654629780411118,
      "tp": 781,
      "fp": 28,
      "fn": 42,
      "tn": 1524
    },
    "0.6499999999999999": {
      "recall": 0.93681652490887,
      "specificity": 0.9851804123711341,
      "fpr": 0.014819587628865979,
      "precision": 0.9710327455919395,
      "f1": 0.953617810760668,
      "balanced_accuracy": 0.960998468640002,
      "tp": 771,
      "fp": 23,
      "fn": 52,
      "tn": 1529
    },
    "0.7": {
      "recall": 0.9295261239368166,
      "specificity": 0.9877577319587629,
      "fpr": 0.012242268041237113,
      "precision": 0.9757653061224489,
      "f1": 0.9520846297448662,
      "balanced_accuracy": 0.9586419279477898,
      "tp": 765,
      "fp": 19,
      "fn": 58,
      "tn": 1533
    }
  },
  "class_weights": {
    "0": 0.7649454645864973,
    "1": 1.4435904116727463
  },
  "epochs_stage_a": 6,
  "epochs_stage_b": 0,
  "selected_stage": "stage_a",
  "stage_a_validation_metrics": {
    "recall": 0.968408262454435,
    "specificity": 0.9697164948453608,
    "fpr": 0.030283505154639175,
    "precision": 0.9443127962085308,
    "f1": 0.9562087582483503,
    "balanced_accuracy": 0.969062378649898,
    "tp": 797,
    "fp": 47,
    "fn": 26,
    "tn": 1505,
    "auc": 0.9957809448242188,
    "auprc": 0.9930119514465332,
    "threshold": 0.5,
    "logit_mean": -3.0282801615423276,
    "logit_std": 6.168709354072448
  },
  "stage_b_validation_metrics": null,
  "selected_stage_validation_metrics": {
    "recall": 0.968408262454435,
    "specificity": 0.9697164948453608,
    "fpr": 0.030283505154639175,
    "precision": 0.9443127962085308,
    "f1": 0.9562087582483503,
    "balanced_accuracy": 0.969062378649898,
    "tp": 797,
    "fp": 47,
    "fn": 26,
    "tn": 1505,
    "auc": 0.9957809448242188,
    "auprc": 0.9930119514465332,
    "threshold": 0.5,
    "logit_mean": -3.0282801615423276,
    "logit_std": 6.168709354072448
  }
}