{
  "best_threshold": 0.2,
  "validation_metrics": {
    "recall": 0.3118405627198124,
    "specificity": 0.937730870712401,
    "fpr": 0.062269129287598944,
    "precision": 0.6927083333333334,
    "f1": 0.4300727566693614,
    "balanced_accuracy": 0.6247857167161067,
    "tp": 266,
    "fp": 118,
    "fn": 587,
    "tn": 1777
  },
  "test_metrics": {
    "recall": 0.3223767383059418,
    "specificity": 0.9009384775808134,
    "fpr": 0.09906152241918666,
    "precision": 0.5730337078651685,
    "f1": 0.4126213592233009,
    "balanced_accuracy": 0.6116576079433775,
    "tp": 255,
    "fp": 190,
    "fn": 536,
    "tn": 1728
  },
  "voice_validation_metrics": {
    "recall": 0.3118405627198124,
    "specificity": 0.9984756097560976,
    "fpr": 0.001524390243902439,
    "precision": 0.9962546816479401,
    "f1": 0.4749999999999999,
    "balanced_accuracy": 0.655158086237955,
    "tp": 266,
    "fp": 1,
    "fn": 587,
    "tn": 655
  },
  "voice_test_metrics": {
    "recall": 0.3223767383059418,
    "specificity": 0.9542772861356932,
    "fpr": 0.045722713864306784,
    "precision": 0.8916083916083916,
    "f1": 0.4735376044568245,
    "balanced_accuracy": 0.6383270122208176,
    "tp": 255,
    "fp": 31,
    "fn": 536,
    "tn": 647
  },
  "realised_validation_metrics": {
    "recall": 0.0,
    "specificity": 0.9055690072639225,
    "fpr": 0.09443099273607748,
    "precision": 0.0,
    "f1": 0.0,
    "balanced_accuracy": 0.45278450363196127,
    "tp": 0,
    "fp": 117,
    "fn": 0,
    "tn": 1122
  },
  "realised_test_metrics": {
    "recall": 0.0,
    "specificity": 0.8717741935483871,
    "fpr": 0.1282258064516129,
    "precision": 0.0,
    "f1": 0.0,
    "balanced_accuracy": 0.43588709677419357,
    "tp": 0,
    "fp": 159,
    "fn": 0,
    "tn": 1081
  },
  "threshold_sweep": {
    "0.05": {
      "recall": 0.47596717467760846,
      "specificity": 0.6110817941952507,
      "fpr": 0.38891820580474934,
      "precision": 0.3552055993000875,
      "f1": 0.406813627254509,
      "balanced_accuracy": 0.5435244844364295,
      "tp": 406,
      "fp": 737,
      "fn": 447,
      "tn": 1158
    },
    "0.06": {
      "recall": 0.447831184056272,
      "specificity": 0.6485488126649076,
      "fpr": 0.35145118733509234,
      "precision": 0.36450381679389315,
      "f1": 0.4018937401367702,
      "balanced_accuracy": 0.5481899983605898,
      "tp": 382,
      "fp": 666,
      "fn": 471,
      "tn": 1229
    },
    "0.07": {
      "recall": 0.42672919109026963,
      "specificity": 0.6923482849604221,
      "fpr": 0.30765171503957783,
      "precision": 0.3843717001055966,
      "f1": 0.40444444444444444,
      "balanced_accuracy": 0.5595387380253458,
      "tp": 364,
      "fp": 583,
      "fn": 489,
      "tn": 1312
    },
    "0.08": {
      "recall": 0.388042203985932,
      "specificity": 0.7324538258575198,
      "fpr": 0.2675461741424802,
      "precision": 0.39498806682577564,
      "f1": 0.3914843287995269,
      "balanced_accuracy": 0.5602480149217259,
      "tp": 331,
      "fp": 507,
      "fn": 522,
      "tn": 1388
    },
    "0.09": {
      "recall": 0.3786635404454865,
      "specificity": 0.7678100263852242,
      "fpr": 0.23218997361477572,
      "precision": 0.4233289646133683,
      "f1": 0.3997524752475247,
      "balanced_accuracy": 0.5732367834153553,
      "tp": 323,
      "fp": 440,
      "fn": 530,
      "tn": 1455
    },
    "0.1": {
      "recall": 0.3716295427901524,
      "specificity": 0.7941952506596306,
      "fpr": 0.20580474934036938,
      "precision": 0.44837340876944837,
      "f1": 0.40641025641025647,
      "balanced_accuracy": 0.5829123967248915,
      "tp": 317,
      "fp": 390,
      "fn": 536,
      "tn": 1505
    },
    "0.11": {
      "recall": 0.35990621336459555,
      "specificity": 0.8200527704485489,
      "fpr": 0.17994722955145118,
      "precision": 0.4737654320987654,
      "f1": 0.4090606262491672,
      "balanced_accuracy": 0.5899794919065722,
      "tp": 307,
      "fp": 341,
      "fn": 546,
      "tn": 1554
    },
    "0.12": {
      "recall": 0.3493552168815944,
      "specificity": 0.8448548812664908,
      "fpr": 0.15514511873350922,
      "precision": 0.5033783783783784,
      "f1": 0.4124567474048442,
      "balanced_accuracy": 0.5971050490740426,
      "tp": 298,
      "fp": 294,
      "fn": 555,
      "tn": 1601
    },
    "0.13": {
      "recall": 0.34114888628370454,
      "specificity": 0.8643799472295515,
      "fpr": 0.13562005277044856,
      "precision": 0.531021897810219,
      "f1": 0.41541755888650966,
      "balanced_accuracy": 0.602764416756628,
      "tp": 291,
      "fp": 257,
      "fn": 562,
      "tn": 1638
    },
    "0.14": {
      "recall": 0.3399765533411489,
      "specificity": 0.8786279683377308,
      "fpr": 0.12137203166226913,
      "precision": 0.5576923076923077,
      "f1": 0.42243262927895114,
      "balanced_accuracy": 0.6093022608394398,
      "tp": 290,
      "fp": 230,
      "fn": 563,
      "tn": 1665
    },
    "0.15": {
      "recall": 0.3376318874560375,
      "specificity": 0.8939313984168865,
      "fpr": 0.10606860158311346,
      "precision": 0.588957055214724,
      "f1": 0.42921013412816694,
      "balanced_accuracy": 0.615781642936462,
      "tp": 288,
      "fp": 201,
      "fn": 565,
      "tn": 1694
    },
    "0.16": {
      "recall": 0.33177022274325907,
      "specificity": 0.9092348284960422,
      "fpr": 0.09076517150395778,
      "precision": 0.621978021978022,
      "f1": 0.4327217125382263,
      "balanced_accuracy": 0.6205025256196506,
      "tp": 283,
      "fp": 172,
      "fn": 570,
      "tn": 1723
    },
    "0.17": {
      "recall": 0.3305978898007034,
      "specificity": 0.9182058047493403,
      "fpr": 0.08179419525065963,
      "precision": 0.6453089244851259,
      "f1": 0.4372093023255814,
      "balanced_accuracy": 0.6244018472750219,
      "tp": 282,
      "fp": 155,
      "fn": 571,
      "tn": 1740
    },
    "0.18": {
      "recall": 0.3223915592028136,
      "specificity": 0.9240105540897098,
      "fpr": 0.07598944591029023,
      "precision": 0.6563245823389021,
      "f1": 0.43238993710691825,
      "balanced_accuracy": 0.6232010566462617,
      "tp": 275,
      "fp": 144,
      "fn": 578,
      "tn": 1751
    },
    "0.19": {
      "recall": 0.31770222743259086,
      "specificity": 0.9303430079155672,
      "fpr": 0.06965699208443271,
      "precision": 0.6724565756823822,
      "f1": 0.4315286624203822,
      "balanced_accuracy": 0.6240226176740791,
      "tp": 271,
      "fp": 132,
      "fn": 582,
      "tn": 1763
    },
    "0.2": {
      "recall": 0.3118405627198124,
      "specificity": 0.937730870712401,
      "fpr": 0.062269129287598944,
      "precision": 0.6927083333333334,
      "f1": 0.4300727566693614,
      "balanced_accuracy": 0.6247857167161067,
      "tp": 266,
      "fp": 118,
      "fn": 587,
      "tn": 1777
    },
    "0.21": {
      "recall": 0.3071512309495897,
      "specificity": 0.9408970976253298,
      "fpr": 0.05910290237467018,
      "precision": 0.7005347593582888,
      "f1": 0.4270578647106764,
      "balanced_accuracy": 0.6240241642874598,
      "tp": 262,
      "fp": 112,
      "fn": 591,
      "tn": 1783
    },
    "0.22": {
      "recall": 0.2989449003516999,
      "specificity": 0.946174142480211,
      "fpr": 0.05382585751978892,
      "precision": 0.7142857142857143,
      "f1": 0.4214876033057852,
      "balanced_accuracy": 0.6225595214159555,
      "tp": 255,
      "fp": 102,
      "fn": 598,
      "tn": 1793
    },
    "0.23": {
      "recall": 0.2954279015240328,
      "specificity": 0.9488126649076517,
      "fpr": 0.05118733509234828,
      "precision": 0.7220630372492837,
      "f1": 0.4193011647254576,
      "balanced_accuracy": 0.6221202832158422,
      "tp": 252,
      "fp": 97,
      "fn": 601,
      "tn": 1798
    },
    "0.24": {
      "recall": 0.28839390386869873,
      "specificity": 0.9519788918205805,
      "fpr": 0.04802110817941953,