{
  "model_path": "models\\feature_sweep_stagea6\\fft\\cnn_gunshot_classifier.keras",
  "feature_type": "FFT",
  "threshold": 0.65,
  "datasets": {
    "voice_validation": {
      "recall": 0.11137162954279015,
      "specificity": 1.0,
      "fpr": 0.0,
      "precision": 1.0,
      "f1": 0.20042194092827,
      "balanced_accuracy": 0.5556858147713951,
      "tp": 95,
      "fp": 0,
      "fn": 758,
      "tn": 656,
      "auc": 0.8467183113098145,
      "auprc": 0.8978446125984192,
      "count": 1509,
      "positive_rate": 0.5652750165672631,
      "mean_probability": 0.11538475762290651
    },
    "voice_test": {
      "recall": 0.1529709228824273,
      "specificity": 1.0,
      "fpr": 0.0,
      "precision": 1.0,
      "f1": 0.2653508771929825,
      "balanced_accuracy": 0.5764854614412136,
      "tp": 121,
      "fp": 0,
      "fn": 670,
      "tn": 678,
      "auc": 0.7995638847351074,
      "auprc": 0.8335027694702148,
      "count": 1469,
      "positive_rate": 0.5384615384615384,
      "mean_probability": 0.13016398418100844
    },
    "realised_negative": {
      "recall": 0.0,
      "specificity": 0.9878983461073013,
      "fpr": 0.012101653892698669,
      "precision": 0.0,
      "f1": 0.0,
      "balanced_accuracy": 0.49394917305365066,
      "tp": 0,
      "fp": 30,
      "fn": 0,
      "tn": 2449,
      "auc": 0.0,
      "auprc": 0.0,
      "count": 2479,
      "positive_rate": 0.0,
      "mean_probability": 0.09487148241454957
    }
  }
}