{
  "base_model_path": "C:\\Users\\holde\\Documents\\MLProject\\models\\feature_sweep_stagea6\\fft\\cnn_gunshot_classifier.keras",
  "fine_tuned_model_path": "C:\\Users\\holde\\Documents\\MLProject\\models\\finetuned_realworld\\cnn_gunshot_classifier.keras",
  "feature_type": "FFT",
  "best_threshold": 0.39999999999999997,
  "threshold_sweep_results": {
    "0.3": {
      "recall": 0.936694021101993,
      "specificity": 0.8201219512195121,
      "fpr": 0.1798780487804878,
      "precision": 0.871319520174482,
      "f1": 0.902824858757062,
      "balanced_accuracy": 0.8784079861607526,
      "tp": 799,
      "fp": 118,
      "fn": 54,
      "tn": 538
    },
    "0.35": {
      "recall": 0.9191090269636577,
      "specificity": 0.8628048780487805,
      "fpr": 0.13719512195121952,
      "precision": 0.897025171624714,
      "f1": 0.9079328314997105,
      "balanced_accuracy": 0.8909569525062191,
      "tp": 784,
      "fp": 90,
      "fn": 69,
      "tn": 566
    },
    "0.39999999999999997": {
      "recall": 0.902696365767878,
      "specificity": 0.8932926829268293,
      "fpr": 0.10670731707317073,
      "precision": 0.9166666666666666,
      "f1": 0.9096278795038394,
      "balanced_accuracy": 0.8979945243473537,
      "tp": 770,
      "fp": 70,
      "fn": 83,
      "tn": 586
    },
    "0.44999999999999996": {
      "recall": 0.876905041031653,
      "specificity": 0.9115853658536586,
      "fpr": 0.08841463414634146,
      "precision": 0.9280397022332506,
      "f1": 0.9017480409885472,
      "balanced_accuracy": 0.8942452034426558,
      "tp": 748,
      "fp": 58,
      "fn": 105,
      "tn": 598
    },
    "0.49999999999999994": {
      "recall": 0.8452520515826495,
      "specificity": 0.926829268292683,
      "fpr": 0.07317073170731707,
      "precision": 0.9375812743823146,
      "f1": 0.8890258939580764,
      "balanced_accuracy": 0.8860406599376662,
      "tp": 721,
      "fp": 48,
      "fn": 132,
      "tn": 608
    },
    "0.5499999999999999": {
      "recall": 0.8124267291910903,
      "specificity": 0.9420731707317073,
      "fpr": 0.057926829268292686,
      "precision": 0.948016415868673,
      "f1": 0.875,
      "balanced_accuracy": 0.8772499499613988,
      "tp": 693,
      "fp": 38,
      "fn": 160,
      "tn": 618
    },
    "0.5999999999999999": {
      "recall": 0.7831184056271981,
      "specificity": 0.9512195121951219,
      "fpr": 0.04878048780487805,
      "precision": 0.9542857142857143,
      "f1": 0.8602704443013522,
      "balanced_accuracy": 0.86716895891116,
      "tp": 668,
      "fp": 32,
      "fn": 185,
      "tn": 624
    },
    "0.6499999999999999": {
      "recall": 0.7456037514654161,
      "specificity": 0.9649390243902439,
      "fpr": 0.0350609756097561,
      "precision": 0.9650986342943855,
      "f1": 0.8412698412698413,
      "balanced_accuracy": 0.85527138792783,
      "tp": 636,
      "fp": 23,
      "fn": 217,
      "tn": 633
    },
    "0.7": {
      "recall": 0.7139507620164126,
      "specificity": 0.9725609756097561,
      "fpr": 0.027439024390243903,
      "precision": 0.9712918660287081,
      "f1": 0.8229729729729729,
      "balanced_accuracy": 0.8432558688130843,
      "tp": 609,
      "fp": 18,
      "fn": 244,
      "tn": 638
    }
  },
  "class_weights": {
    "0": 1.2929571255373085,
    "1": 0.815275557717701
  },
  "epochs": 10,
  "learning_rate": 1e-06,
  "baseline_real_audio_metrics": {
    "recall": 0.11137162954279015,
    "specificity": 1.0,
    "fpr": 0.0,
    "precision": 1.0,
    "f1": 0.20042194092827,
    "balanced_accuracy": 0.5556858147713951,
    "tp": 95,
    "fp": 0,
    "fn": 758,
    "tn": 656,
    "auc": 0.8467183113098145,
    "auprc": 0.8978446125984192,
    "threshold": 0.65,
    "logit_mean": -4.675407672333028,
    "logit_std": 3.223624783565603
  },
  "post_finetune_real_audio_metrics": {
    "recall": 0.8452520515826495,
    "specificity": 0.926829268292683,
    "fpr": 0.07317073170731707,
    "precision": 0.9375812743823146,
    "f1": 0.8890258939580764,
    "balanced_accuracy": 0.8860406599376662,
    "tp": 721,
    "fp": 48,
    "fn": 132,
    "tn": 608,
    "auc": 0.9609376788139343,
    "auprc": 0.9710260629653931,
    "threshold": 0.5,
    "logit_mean": 0.18736325026995262,
    "logit_std": 3.50871049936295
  }
}