{
  "LogMel": {
    "model_path": "models\\feature_sweep_stagea6\\logmel\\cnn_gunshot_classifier.keras",
    "feature_type": "LogMel",
    "best_threshold": 0.7,
    "threshold_sweep_results": {
      "0.3": {
        "recall": 0.9987849331713244,
        "specificity": 0.958118556701031,
        "fpr": 0.04188144329896907,
        "precision": 0.9267192784667418,
        "f1": 0.9614035087719298,
        "balanced_accuracy": 0.9784517449361777,
        "tp": 822,
        "fp": 65,
        "fn": 1,
        "tn": 1487
      },
      "0.35": {
        "recall": 0.9975698663426489,
        "specificity": 0.9606958762886598,
        "fpr": 0.039304123711340205,
        "precision": 0.9308390022675737,
        "f1": 0.963049853372434,
        "balanced_accuracy": 0.9791328713156544,
        "tp": 821,
        "fp": 61,
        "fn": 2,
        "tn": 1491
      },
      "0.39999999999999997": {
        "recall": 0.9975698663426489,
        "specificity": 0.9645618556701031,
        "fpr": 0.035438144329896906,
        "precision": 0.9372146118721462,
        "f1": 0.966450853443202,
        "balanced_accuracy": 0.981065861006376,
        "tp": 821,
        "fp": 55,
        "fn": 2,
        "tn": 1497
      },
      "0.44999999999999996": {
        "recall": 0.9963547995139733,
        "specificity": 0.9664948453608248,
        "fpr": 0.03350515463917526,
        "precision": 0.9403669724770642,
        "f1": 0.967551622418879,
        "balanced_accuracy": 0.981424822437399,
        "tp": 820,
        "fp": 52,
        "fn": 3,
        "tn": 1500
      },
      "0.49999999999999994": {
        "recall": 0.9963547995139733,
        "specificity": 0.9697164948453608,
        "fpr": 0.030283505154639175,
        "precision": 0.9457900807381776,
        "f1": 0.9704142011834319,
        "balanced_accuracy": 0.9830356471796671,
        "tp": 820,
        "fp": 47,
        "fn": 3,
        "tn": 1505
      },
      "0.5499999999999999": {
        "recall": 0.9963547995139733,
        "specificity": 0.9742268041237113,
        "fpr": 0.02577319587628866,
        "precision": 0.9534883720930233,
        "f1": 0.9744503862150922,
        "balanced_accuracy": 0.9852908018188423,
        "tp": 820,
        "fp": 40,
        "fn": 3,
        "tn": 1512
      },
      "0.5999999999999999": {
        "recall": 0.9963547995139733,
        "specificity": 0.9774484536082474,
        "fpr": 0.022551546391752577,
        "precision": 0.9590643274853801,
        "f1": 0.9773539928486294,
        "balanced_accuracy": 0.9869016265611104,
        "tp": 820,
        "fp": 35,
        "fn": 3,
        "tn": 1517
      },
      "0.6499999999999999": {
        "recall": 0.9951397326852977,
        "specificity": 0.9813144329896907,
        "fpr": 0.018685567010309278,
        "precision": 0.9658018867924528,
        "f1": 0.9802513464991024,
        "balanced_accuracy": 0.9882270828374942,
        "tp": 819,
        "fp": 29,
        "fn": 4,
        "tn": 1523
      },
      "0.7": {
        "recall": 0.9939246658566221,
        "specificity": 0.9838917525773195,
        "fpr": 0.01610824742268041,
        "precision": 0.970344009489917,
        "f1": 0.9819927971188475,
        "balanced_accuracy": 0.9889082092169708,
        "tp": 818,
        "fp": 25,
        "fn": 5,
        "tn": 1527
      }
    },
    "class_weights": {
      "0": 0.7649454645864973,
      "1": 1.4435904116727463
    },
    "epochs_stage_a": 6,
    "epochs_stage_b": 0,
    "selected_stage": "stage_a",
    "stage_a_validation_metrics": {
      "recall": 0.9963547995139733,
      "specificity": 0.9697164948453608,
      "fpr": 0.030283505154639175,
      "precision": 0.9457900807381776,
      "f1": 0.9704142011834319,
      "balanced_accuracy": 0.9830356471796671,
      "tp": 820,
      "fp": 47,
      "fn": 3,
      "tn": 1505,
      "auc": 0.9993572235107422,
      "auprc": 0.9989835619926453,
      "threshold": 0.5,
      "logit_mean": -1.845358381873683,
      "logit_std": 7.2963126637831275
    },
    "stage_b_validation_metrics": null,
    "selected_stage_validation_metrics": {
      "recall": 0.9963547995139733,
      "specificity": 0.9697164948453608,
      "fpr": 0.030283505154639175,
      "precision": 0.9457900807381776,
      "f1": 0.9704142011834319,
      "balanced_accuracy": 0.9830356471796671,
      "tp": 820,
      "fp": 47,
      "fn": 3,
      "tn": 1505,
      "auc": 0.9993572235107422,
      "auprc": 0.9989835619926453,
      "threshold": 0.5,
      "logit_mean": -1.845358381873683,
      "logit_std": 7.2963126637831275
    }
  },
  "MFCC": {
    "model_path": "models\\feature_sweep_stagea6\\mfcc\\cnn_gunshot_classifier.keras",
    "feature_type": "MFCC",
    "best_threshold": 0.5499999999999999,
    "threshold_sweep_results": {
      "0.3": {
        "recall": 0.9878493317132442,
        "specificity": 0.9400773195876289,
        "fpr": 0.059922680412371136,
        "precision": 0.8973509933774835,
        "f1": 0.9404279930595719,
        "balanced_accuracy": 0.9639633256504365,
        "tp": 813,
        "fp": 93,
        "fn": 10,
        "tn": 1459
      },
      "0.35": {
        "recall": 0.9842041312272175,
        "specificity": 0.9478092783505154,
        "fpr": 0.05219072164948454,
        "precision": 0.9090909090909091,
        "f1": 0.9451575262543757,
        "balanced_accuracy": 0.9660067047888665,
        "tp": 810,
        "fp": 81,
        "fn": 13,
        "tn": 1471
      },
      "0.39999999999999997": {
        "recall": 0.9817739975698664,
        "specificity": 0.9542525773195877,
        "fpr": 0.04574742268041237,
        "precision": 0.919226393629124,
        "f1": 0.9494712103407755,
        "balanced_accuracy": 0.968013287444727,
        "tp": 808,
        "fp": 71,
        "fn": 15,
        "tn": 1481
      },
      "0.44999999999999996": {
        "recall": 0.9744835965978129,
        "specificity": 0.9594072164948454,
        "fpr": 0.04059278350515464,
        "precision": 0.9271676300578034,
        "f1": 0.9502369668246446,
        "balanced_accuracy": 0.9669454065463292,
        "tp": 802,
        "fp": 63,
        "fn": 21,
        "tn": 1489
      },
      "0.49999999999999994": {
        "recall": 0.968408262454435,
        "specificity": 0.9697164948453608,
        "fpr": 0.030283505154639175,
        "precision": 0.9443127962085308,
        "f1": 0.9562087582483503,
        "balanced_accuracy": 0.969062378649898,
        "tp": 797,
        "fp": 47,
        "fn": 26,
        "tn": 1505
      },
      "0.5499999999999999": {
        "recall": 0.9623329283110571,
        "specificity": 0.9755154639175257,
        "fpr": 0.024484536082474227,
        "precision": 0.9542168674698795,
        "f1": 0.9582577132486388,
        "balanced_accuracy": 0.9689241961142914,
        "tp": 792,
        "fp": 38,
        "fn": 31,
        "tn": 1514
      },
      "0.5999999999999999": {
        "recall": 0.9489671931956257,
        "specificity": 0.9819587628865979,
        "fpr": 0.01804123711340206,
        "precision": 0.965389369592089,
        "f1": 0.9571078431372548,
        "balanced_accuracy": 0.9654629780411118,
        "tp": 781,
        "fp": 28,
        "fn": 42,
        "tn": 1524
      },
      "0.6499999999999999": {
        "recall": 0.93681652490887,
        "specificity": 0.9851804123711341,
        "fpr": 0.014819587628865979,
        "precision": 0.9710327455919395,
        "f1": 0.953617810760668,
        "balanced_accuracy": 0.960998468640002,
        "tp": 771,
        "fp": 23,
        "fn": 52,
        "tn": 1529
      },
      "0.7": {
        "recall": 0.9295261239368166,
        "specificity": 0.9877577319587629,
        "fpr": 0.012242268041237113,
        "precision": 0.9757653061224489,
        "f1": 0.9520846297448662,
        "balanced_accuracy": 0.9586419279477898,
        "tp": 765,
        "fp": 19,
        "fn": 58,
        "tn": 1533
      }
    },
    "class_weights": {
      "0": 0.7649454645864973,