{
  "model_path": "C:\\Users\\holde\\Documents\\MLProject\\models\\yamnet_head\\yamnet_head_classifier.keras",
  "embedding_dim": 1024,
  "best_threshold": 0.44999999999999996,
  "threshold_sweep_results": {
    "0.3": {
      "recall": 0.9871043376318874,
      "specificity": 0.9894736842105263,
      "fpr": 0.010526315789473684,
      "precision": 0.9622857142857143,
      "f1": 0.9745370370370371,
      "balanced_accuracy": 0.9882890109212068,
      "tp": 842,
      "fp": 33,
      "fn": 11,
      "tn": 3102
    },
    "0.35": {
      "recall": 0.9859320046893317,
      "specificity": 0.9920255183413078,
      "fpr": 0.007974481658692184,
      "precision": 0.9711316397228638,
      "f1": 0.97847585805701,
      "balanced_accuracy": 0.9889787615153198,
      "tp": 841,
      "fp": 25,
      "fn": 12,
      "tn": 3110
    },
    "0.39999999999999997": {
      "recall": 0.9824150058616647,
      "specificity": 0.9936204146730463,
      "fpr": 0.006379585326953748,
      "precision": 0.9766899766899767,
      "f1": 0.9795441262419639,
      "balanced_accuracy": 0.9880177102673555,
      "tp": 838,
      "fp": 20,
      "fn": 15,
      "tn": 3115
    },
    "0.44999999999999996": {
      "recall": 0.981242672919109,
      "specificity": 0.9945773524720893,
      "fpr": 0.005422647527910686,
      "precision": 0.9800936768149883,
      "f1": 0.9806678383128296,
      "balanced_accuracy": 0.9879100126955992,
      "tp": 837,
      "fp": 17,
      "fn": 16,
      "tn": 3118
    },
    "0.49999999999999994": {
      "recall": 0.9765533411488863,
      "specificity": 0.9955342902711324,
      "fpr": 0.004465709728867623,
      "precision": 0.9834710743801653,
      "f1": 0.98,
      "balanced_accuracy": 0.9860438157100093,
      "tp": 833,
      "fp": 14,
      "fn": 20,
      "tn": 3121
    },
    "0.5499999999999999": {
      "recall": 0.9718640093786636,
      "specificity": 0.9971291866028709,
      "fpr": 0.0028708133971291866,
      "precision": 0.9892601431980907,
      "f1": 0.9804849201655825,
      "balanced_accuracy": 0.9844965979907672,
      "tp": 829,
      "fp": 9,
      "fn": 24,
      "tn": 3126
    },
    "0.5999999999999999": {
      "recall": 0.9695193434935522,
      "specificity": 0.9971291866028709,
      "fpr": 0.0028708133971291866,
      "precision": 0.9892344497607656,
      "f1": 0.9792776791000591,
      "balanced_accuracy": 0.9833242650482115,
      "tp": 827,
      "fp": 9,
      "fn": 26,
      "tn": 3126
    },
    "0.6499999999999999": {
      "recall": 0.9636576787807737,
      "specificity": 0.9977671451355662,
      "fpr": 0.0022328548644338117,
      "precision": 0.991556091676719,
      "f1": 0.9774078478002378,
      "balanced_accuracy": 0.9807124119581699,
      "tp": 822,
      "fp": 7,
      "fn": 31,
      "tn": 3128
    },
    "0.7": {
      "recall": 0.9601406799531067,
      "specificity": 0.9984051036682615,
      "fpr": 0.001594896331738437,
      "precision": 0.9939320388349514,
      "f1": 0.9767441860465117,
      "balanced_accuracy": 0.9792728918106841,
      "tp": 819,
      "fp": 5,
      "fn": 34,
      "tn": 3130
    }
  },
  "class_weights": {
    "0": 1.5657564081085609,
    "1": 0.7345751788100291
  },
  "epochs_trained": 30,
  "val_metrics": {
    "recall": 0.9765533411488863,
    "specificity": 0.9955342902711324,
    "fpr": 0.004465709728867623,
    "precision": 0.9834710743801653,
    "f1": 0.98,
    "balanced_accuracy": 0.9860438157100093,
    "tp": 833,
    "fp": 14,
    "fn": 20,
    "tn": 3121,
    "auc": 0.999460756778717,
    "auprc": 0.998225748538971
  },
  "n_train": 18692,
  "n_val": 3988
}