{
  "model_path": "models\\feature_sweep_stagea6\\fft\\cnn_gunshot_classifier.keras",
  "feature_type": "FFT",
  "best_threshold": 0.6499999999999999,
  "threshold_sweep_results": {
    "0.3": {
      "recall": 0.9951397326852977,
      "specificity": 0.979381443298969,
      "fpr": 0.020618556701030927,
      "precision": 0.9623971797884842,
      "f1": 0.9784946236559139,
      "balanced_accuracy": 0.9872605879921333,
      "tp": 819,
      "fp": 32,
      "fn": 4,
      "tn": 1520
    },
    "0.35": {
      "recall": 0.9951397326852977,
      "specificity": 0.9832474226804123,
      "fpr": 0.01675257731958763,
      "precision": 0.9692307692307692,
      "f1": 0.9820143884892086,
      "balanced_accuracy": 0.989193577682855,
      "tp": 819,
      "fp": 26,
      "fn": 4,
      "tn": 1526
    },
    "0.39999999999999997": {
      "recall": 0.9939246658566221,
      "specificity": 0.9858247422680413,
      "fpr": 0.014175257731958763,
      "precision": 0.9738095238095238,
      "f1": 0.983764281419122,
      "balanced_accuracy": 0.9898747040623317,
      "tp": 818,
      "fp": 22,
      "fn": 5,
      "tn": 1530
    },
    "0.44999999999999996": {
      "recall": 0.9927095990279465,
      "specificity": 0.9884020618556701,
      "fpr": 0.011597938144329897,
      "precision": 0.9784431137724551,
      "f1": 0.985524728588661,
      "balanced_accuracy": 0.9905558304418083,
      "tp": 817,
      "fp": 18,
      "fn": 6,
      "tn": 1534
    },
    "0.49999999999999994": {
      "recall": 0.9890643985419199,
      "specificity": 0.9890463917525774,
      "fpr": 0.01095360824742268,
      "precision": 0.9795427196149218,
      "f1": 0.9842805320435308,
      "balanced_accuracy": 0.9890553951472486,
      "tp": 814,
      "fp": 17,
      "fn": 9,
      "tn": 1535
    },
    "0.5499999999999999": {
      "recall": 0.9866342648845686,
      "specificity": 0.9916237113402062,
      "fpr": 0.008376288659793814,
      "precision": 0.9842424242424243,
      "f1": 0.9854368932038835,
      "balanced_accuracy": 0.9891289881123875,
      "tp": 812,
      "fp": 13,
      "fn": 11,
      "tn": 1539
    },
    "0.5999999999999999": {
      "recall": 0.9854191980558931,
      "specificity": 0.9929123711340206,
      "fpr": 0.007087628865979381,
      "precision": 0.98661800486618,
      "f1": 0.9860182370820668,
      "balanced_accuracy": 0.9891657845949569,
      "tp": 811,
      "fp": 11,
      "fn": 12,
      "tn": 1541
    },
    "0.6499999999999999": {
      "recall": 0.982989064398542,
      "specificity": 0.9967783505154639,
      "fpr": 0.0032216494845360823,
      "precision": 0.9938574938574939,
      "f1": 0.988393402565669,
      "balanced_accuracy": 0.9898837074570029,
      "tp": 809,
      "fp": 5,
      "fn": 14,
      "tn": 1547
    },
    "0.7": {
      "recall": 0.982989064398542,
      "specificity": 0.9967783505154639,
      "fpr": 0.0032216494845360823,
      "precision": 0.9938574938574939,
      "f1": 0.988393402565669,
      "balanced_accuracy": 0.9898837074570029,
      "tp": 809,
      "fp": 5,
      "fn": 14,
      "tn": 1547
    }
  },
  "class_weights": {
    "0": 0.7649454645864973,
    "1": 1.4435904116727463
  },
  "epochs_stage_a": 6,
  "epochs_stage_b": 0,
  "selected_stage": "stage_a",
  "stage_a_validation_metrics": {
    "recall": 0.9890643985419199,
    "specificity": 0.9890463917525774,
    "fpr": 0.01095360824742268,
    "precision": 0.9795427196149218,
    "f1": 0.9842805320435308,
    "balanced_accuracy": 0.9890553951472486,
    "tp": 814,
    "fp": 17,
    "fn": 9,
    "tn": 1535,
    "auc": 0.9996030926704407,
    "auprc": 0.9992748498916626,
    "threshold": 0.5,
    "logit_mean": -3.1884931767567206,
    "logit_std": 7.951081414552865
  },
  "stage_b_validation_metrics": null,
  "selected_stage_validation_metrics": {
    "recall": 0.9890643985419199,
    "specificity": 0.9890463917525774,
    "fpr": 0.01095360824742268,
    "precision": 0.9795427196149218,
    "f1": 0.9842805320435308,
    "balanced_accuracy": 0.9890553951472486,
    "tp": 814,
    "fp": 17,
    "fn": 9,
    "tn": 1535,
    "auc": 0.9996030926704407,
    "auprc": 0.9992748498916626,
    "threshold": 0.5,
    "logit_mean": -3.1884931767567206,
    "logit_std": 7.951081414552865
  }
}