{
  "model_path": "models\\cnn_gunshot_classifier.keras",
  "feature_type": "LogMel",
  "best_threshold": 0.3,
  "threshold_sweep_results": {
    "0.3": {
      "recall": 1.0,
      "fpr": 1.0,
      "precision": 0.35198329853862215,
      "f1": 0.5206917850525016,
      "tp": 843,
      "fp": 1552,
      "fn": 0,
      "tn": 0
    },
    "0.35": {
      "recall": 1.0,
      "fpr": 1.0,
      "precision": 0.35198329853862215,
      "f1": 0.5206917850525016,
      "tp": 843,
      "fp": 1552,
      "fn": 0,
      "tn": 0
    },
    "0.39999999999999997": {
      "recall": 1.0,
      "fpr": 1.0,
      "precision": 0.35198329853862215,
      "f1": 0.5206917850525016,
      "tp": 843,
      "fp": 1552,
      "fn": 0,
      "tn": 0
    },
    "0.44999999999999996": {
      "recall": 1.0,
      "fpr": 1.0,
      "precision": 0.35198329853862215,
      "f1": 0.5206917850525016,
      "tp": 843,
      "fp": 1552,
      "fn": 0,
      "tn": 0
    },
    "0.49999999999999994": {
      "recall": 1.0,
      "fpr": 1.0,
      "precision": 0.35198329853862215,
      "f1": 0.5206917850525016,
      "tp": 843,
      "fp": 1552,
      "fn": 0,
      "tn": 0
    },
    "0.5499999999999999": {
      "recall": 0.0,
      "fpr": 0.0,
      "precision": 0.0,
      "f1": 0.0,
      "tp": 0,
      "fp": 0,
      "fn": 843,
      "tn": 1552
    },
    "0.5999999999999999": {
      "recall": 0.0,
      "fpr": 0.0,
      "precision": 0.0,
      "f1": 0.0,
      "tp": 0,
      "fp": 0,
      "fn": 843,
      "tn": 1552
    },
    "0.6499999999999999": {
      "recall": 0.0,
      "fpr": 0.0,
      "precision": 0.0,
      "f1": 0.0,
      "tp": 0,
      "fp": 0,
      "fn": 843,
      "tn": 1552
    },
    "0.7": {
      "recall": 0.0,
      "fpr": 0.0,
      "precision": 0.0,
      "f1": 0.0,
      "tp": 0,
      "fp": 0,
      "fn": 843,
      "tn": 1552
    }
  },
  "class_weights": {
    "0": 0.7715035206406186,
    "1": 1.4207983727434528
  },
  "epochs_stage_a": 15,
  "epochs_stage_b": 20
}